{
    "VAR": {
        "in_sample": {
            "RMSE": 0.018139985116864675,
            "R2": 0.05777192159989708,
            "IC": 0.0864502160952205,
            "CS-IC": 0.06396428286205554
        },
        "out_sample": {
            "RMSE": 0.01771635759425088,
            "R2": -0.0014409077800838777,
            "IC": 0.036132321558931625,
            "CS-IC": 0.04626367989056087
        }
    },
    "XGBoost": {
        "in_sample": {
            "RMSE": 0.015979955655795235,
            "R2": 0.26836503097730224,
            "IC": 0.35874663507872817,
            "CS-IC": 0.23029979509931756
        },
        "out_sample": {
            "RMSE": 0.01990134613108613,
            "R2": -0.26369235713466144,
            "IC": 0.01597918376742956,
            "CS-IC": -0.029753761969904244
        }
    },
    "LSTM": {
        "in_sample": {
            "RMSE": 0.01657961353579832,
            "R2": 0.21174620708329994,
            "IC": 0.34142098188486697,
            "CS-IC": 0.19556269609833826
        },
        "out_sample": {
            "RMSE": 0.018457238401991833,
            "R2": -0.0779212799438973,
            "IC": 0.044549043914329296,
            "CS-IC": 0.026756897449245184
        }
    }
}